{
    "test_auc": {
        "Electron": 0.9838010642777777,
        "Ghost": 0.9038577246666668,
        "Kaon": 0.9097356227777776,
        "Muon": 0.9853687374444444,
        "Pion": 0.936435302388889,
        "Proton": 0.9032712731944444
    }
}